{
  "system": {
    "platform": "darwin",
    "python_version": "3.11.1 (v3.11.1:a7a450f84a, Dec  6 2022, 15:24:06) [Clang 13.0.0 (clang-1300.0.29.30)]",
    "python_executable": "/usr/local/bin/python3.11"
  },
  "environment": {
    "qp_offline": "1",
    "qp_data_dir": null,
    "pex_root": null,
    "path": "/Users/matthewgraham/Downloads/QuietPatch-main 4/.venv/bin:/Library/Frameworks/Python.framework/Versions/3.13/bin:/usr/local/bin:/System/Cryptexes/App/usr/bin:/usr/bin:/bin:/usr/sbin:/sbin:/var/run/com.apple.security.cryptexd/codex.system/bootstrap/usr/local/bin:/var/run/com.apple.security.cryptexd/codex.system/bootstrap/usr/bin:/var/run/com.apple.security.cryptexd/codex.system/bootstrap/usr/appleinternal/bin:/opt/X11/bin:/Applications/Wireshark.app/Contents/MacOS"
  },
  "quietpatch": {
    "version": "0.3.0",
    "installation_path": "/Users/matthewgraham/Downloads/QuietPatch-main 4/quietpatch"
  },
  "dependencies": {
    "zstandard": "not installed"
  },
  "database": {
    "data_dir": "data",
    "files_found": [],
    "count": 0
  },
  "issues": [
    "zstandard not installed",
    "No database files found"
  ]
}